,polio482-13086-RL_
Mutations in CRE5,
Mutations in Domain II in 5' NCR,
Mutation U459C in Domain IV in 5 NCR,U459C
Mutations in modified Domain V in 5 NCR,T530C-syn; T539G-syn; A595G-syn
Mutation at VP1-143,
Mutation at VP1-171,
Mutation at VP1-295,
Mutations in 2C KO CRE,
syn,C57T-syn; T63C-syn; C72T-syn; A279T-syn; T280C-syn; C291T-syn; T297C-syn; G298A-syn; A309G-syn; C324T-syn; T325C-syn; C355T-syn; G357A-syn; G365A-syn; A375G-syn; T379C-syn; T394G-syn; T398C-syn; C402T-syn; T405C-syn; G409A-syn; T425C-syn; T434C-syn; A439G-syn; T444C-syn; C447A-syn; T452C-syn; A453G-syn; T459C-syn; A463T-syn; A472G-syn; A499G-syn; T530C-syn; T539G-syn; A595G-syn; G626T-syn; T632C-syn; A635G-syn; C637A-syn; G661T-syn; A682G-syn; A2161C-syn; A3697G-syn; C3700T-syn; T3709C-syn; G3715A-syn; T3724C-syn; A3730C-syn; T4351A-syn; A4354G-syn; T4363A-syn; C4369A-syn; A4393G-syn; T4399C-syn; G4405A-syn; C4408T-syn; A4411G-syn; C4543T-syn; A4564G-syn; C4570G-syn; T4573C-syn; G4579T-syn; A4597G-syn; C4600T-syn; T4603C-syn; A4618C-syn; C4624T-syn; A4645C-syn; A4651G-syn; G4654A-syn; T4660G-syn; C4681A-syn; G4687A-syn; G4693A-syn; T4705C-syn; T4711C-syn; T4726C-syn; A4729G-syn; C4732T-syn; A4735G-syn; C4741T-syn; A4747G-syn; T4750C-syn; T4783C-syn; G4789T-syn; A4801G-syn; T4817C-syn; T4828C-syn; T4831C-syn; C4834T-syn; G4861C-syn; C4873T-syn; G4876A-syn; G4879A-syn; T4882C-syn; T4891C-syn; G4894T-syn; A4906G-syn; A4912T-syn; T4915C-syn; C4918T-syn; G4919A-syn; C4924T-syn; A4927T-syn; C4933G-syn; A4937G-syn; C4954T-syn; A4957G-syn; G4960A-syn; C4961T-syn; C4963G-syn; A4972C-syn; C4990T-syn; A4993G-syn; T5002C-syn; C5017T-syn; A5020G-syn; T5026C-syn; C5044T-syn; G5056A-syn; T5065C-syn; G5077A-syn; C5089T-syn; T5095C-syn; G5114A-syn; A5137C-syn; T5146C-syn; C5152T-syn; A5158G-syn; C5162T-syn; A5164G-syn; G5170A-syn; G5179C-syn; G5224T-syn; G5227A-syn; C5236T-syn; T5239C-syn; G5248A-syn; T5257C-syn; A5266G-syn; A5284G-syn; A5290G-syn; C5293T-syn; T5299A-syn; T5302C-syn; T5308C-syn; T5314C-syn; G5329A-syn; C5342A-syn; G5347A-syn; T5353A-syn; C5356T-syn; C5410T-syn; G5413A-syn; C5419T-syn; G5425A-syn; T5434A-syn; G5449A-syn; T5455C-syn; C5459A-syn; T5467C-syn; A5470G-syn; T5476C-syn; C5479T-syn; A5491G-syn; G5494A-syn; C5500G-syn; T5503A-syn; T5509C-syn; C5524T-syn; C5554T-syn; C5557T-syn; A5563G-syn; G5566A-syn; T5572C-syn; G5575T-syn; G5581A-syn; T5587C-syn; T5588C-syn; T5593C-syn; T5596C-syn; C5602T-syn; C5605T-syn; G5608A-syn; C5620T-syn; C5647T-syn; T5650C-syn; G5656A-syn; A5662G-syn; T5665C-syn; C5666T-syn; T5668G-syn; C5671T-syn; C5680G-syn; T5683C-syn; G5692A-syn; T5701C-syn; G5866A-syn; T5872A-syn; A5884G-syn; A5887C-syn; C5893T-syn; G5902T-syn; T5923C-syn; T5932A-syn; T5944A-syn; G5953A-syn; C5956T-syn; T5962G-syn; T5971C-syn; T6001C-syn; C6007T-syn; G6010A-syn; A6019G-syn; G6025A-syn; G6052A-syn; T6055C-syn; A6058G-syn; A6070T-syn; A6073G-syn; C6088T-syn; G6091A-syn; T6103C-syn; A6118G-syn; C6130T-syn; T6136C-syn; T6175C-syn; C6178T-syn; A6181G-syn; T6184C-syn; C6196T-syn; T6205C-syn; A6211G-syn; A6214G-syn; A6220T-syn; T6226C-syn; T6232C-syn; A6235G-syn; C6238T-syn; G6244A-syn; C6247T-syn; T6263C-syn; G6280A-syn; T6283C-syn; T6286C-syn; C6289T-syn; A6298G-syn; T6307A-syn; C6343T-syn; C6352T-syn; C6358T-syn; C6364T-syn; G6367A-syn; C6379T-syn; A6383T-syn; T6388C-syn; A6397C-syn; A6424G-syn; C6433T-syn; T6442C-syn; G6445A-syn; G6448A-syn; T6451C-syn; A6559G-syn; G6571A-syn; C6580T-syn; C6583T-syn; T6595C-syn; C6604A-syn; A6616T-syn; A6622G-syn; T6625C-syn; C6628A-syn; A6634T-syn; A6637T-syn; C6733G-syn; T6739C-syn; T6754G-syn; A6766T-syn; G6775T-syn; C6778T-syn; T6784C-syn; C6793A-syn; A6796G-syn; C6850A-syn; T6856C-syn; C6859A-syn; A6874G-syn; C6877T-syn; T6883A-syn; T6886C-syn; C6889T-syn; A6892C-syn; A6895G-syn; C6901T-syn; C6913T-syn; A6925T-syn; A6955G-syn; C6958T-syn; T6961C-syn; C6971T-syn; T7003C-syn; G7012A-syn; G7057A-syn; T7063C-syn; C7105T-syn; A7117T-syn; G7123A-syn; A7171G-syn; T7180C-syn; A7183G-syn; G7186A-syn; T7189C-syn; G7195A-syn; T7198C-syn; C7201A-syn; C7204T-syn; C7207T-syn; A7210T-syn; G7234A-syn; G7261A-syn; C7267T-syn; A7270G-syn; A7276T-syn; G7288T-syn; A7294T-syn; T7295C-syn; C7318T-syn; C7333T-syn; G7339A-syn; T7343C-syn; T7399A-syn; C7420T-syn; T7426A-syn
nonSyn,A3706C-nonsyn 2A/3B(E87D); T5116C-nonsyn 2C/X(V311I); G5460A-nonsyn 3B/VPg(R10K); T5590C-nonsyn 3C/Protease(Y31H); C5640T-nonsyn 3C/Protease(A48V); T6042G-nonsyn 3C/Protease(I182S); A6066G-nonsyn 3D/polymerase(K7R); G6159A-nonsyn 3D/polymerase(R38K); A6160G-nonsyn 3D/polymerase(R38K); G6198A-nonsyn 3D/polymerase(R51K); T6253A-nonsyn 3D/polymerase(D69E); T6844C-nonsyn 3D/polymerase(D266X); C7131T-nonsyn 3D/polymerase(T362I); C7132A-nonsyn 3D/polymerase(T362I)
