attenuation type,nt_position_on_genome
Decrease ,121
Decrease ,123
Decrease ,179
Decrease ,181
Decrease ,196
Decrease ,215
Decrease ,217
Decrease ,277
Decrease ,322
Decrease ,379
Decrease ,459
Decrease ,498
Decrease ,2969
Decrease ,2970
Decrease ,2971
Decrease ,2974
Decrease ,3053
Increase ,125
Increase ,129
Increase ,132
Increase ,139
Increase ,171
Increase ,172
Increase ,248
Increase ,375
Increase ,391
Increase ,392
Increase ,440
Increase ,452
Increase ,547
Increase ,550
Increase ,930
Increase ,3425
