,ISR_polio479_13050RL_16JAN23_hevron,ISR_polio480_8746A_LB_25FEB23_beit_Shamai,ISR_polio481_8746B_LB_26FEB23_beit_Shamai,ISR_polio484_8747A_LB_28FEB23_AFP_contact,ISR_polio485_8749A_LB_28FEB23_AFP_contact,ISR_polio486_8750A_LB_28FEB23_AFP_contact,ISR_polio482_13086RL_07MAR23_shich_aglon_morcav
Mutations in CRE5,,,,,,,
Mutations in Domain II in 5' NCR,,,,,,,
Mutation U459C in Domain IV in 5 NCR,U459C,U459C,U459C,U459C,U459C,U459C,U459C
Mutations in modified Domain V in 5 NCR,T530C-syn,T530N-syn,T530C-syn,T530C-syn,T530N-syn,T530C-syn,T530C-syn
Mutation at VP1-143,,,,,,,
Mutation at VP1-171,,,,,,,
Mutation at VP1-295,,,,,,,
Mutations in 2C KO CRE,,,,,,,T4516N-nonsyn 2C/X(Y111X); C4519N-nonsyn 2C/X(V112X); A4522N-nonsyn 2C/X(Q113X); T4525N-nonsyn 2C/X(F114X); A4528N-nonsyn 2C/X(K115X); T4529N-nonsyn 2C/X(K116X); C4530N-nonsyn 2C/X(S116X)
syn,C338T-syn; G448A-syn; T459C-syn; T530C-syn; C637T-syn; A662T-syn; A682G-syn; G701A-syn; G715A-syn; T718C-syn; A782G-syn; A814T-syn; T817C-syn; G832A-syn; A895G-syn; T1042C-syn; T1132C-syn; T1375A-syn; A1651G-syn; G1696A-syn; G1714A-syn; A1831G-syn; A1834G-syn; G1894A-syn; C1918T-syn; C2050T-syn; A2051G-syn; T2122C-syn; T2224C-syn; A2332G-syn; C2368T-syn; T2521C-syn; G2578T-syn; C2656A-syn; T2705C-syn; G2710A-syn; C2722T-syn; A2749G-syn; G2771A-syn; C2917T-syn; G2953A-syn; A2969G-syn; C3076T-syn; G3298A-syn; C3559T-syn; C3601T-syn; T3653C-syn; T3724C-syn; T3838C-syn; G3889A-syn; C3994T-syn; C4157T-syn; A4183G-syn; C4369T-syn; C4469T-syn; T4516C-syn; C4519A-syn; A4522G-syn; T4525C-syn; A4528G-syn; T4529A-syn; C4530G-syn; C4543T-syn; C4570T-syn; C4684T-syn; G4798A-syn; C4895T-syn; C4990T-syn; T5032C-syn; T5752C-syn; G5758A-syn; T5767C-syn; A5785G-syn; A5788T-syn; T5791C-syn; T5800G-syn; T5839C-syn; C5842T-syn; C5857T-syn; T5872C-syn; A5884C-syn; A5887T-syn; G5902T-syn; C5903T-syn; T5917C-syn; T5923G-syn; A6397C-syn; C6400T-syn; T6403A-syn; A6409G-syn; A6418G-syn; T6442C-syn; G6445A-syn; G6448A-syn; T6451C-syn; G6868T-syn; T6883C-syn; T6886C-syn; C6889T-syn; A6892C-syn; A6895G-syn; C6901T-syn; A6919T-syn; C6922T-syn; A6925T-syn; T6931C-syn; T6934C-syn; C6937T-syn; C6952T-syn; T6953C-syn; T6961C-syn; C6970T-syn; C6971T-syn; A6973G-syn; G7012A-syn; A7090G-syn; A7117T-syn; G7123A-syn; T7129A-syn; C7132A-syn; A7141G-syn; G7153A-syn; G7186A-syn; G7192A-syn; T7198C-syn; C7201A-syn; C7204T-syn; C7205T-syn; C7207A-syn; A7210T-syn; A7219T-syn; G7231A-syn; G7234A-syn; A7258T-syn; G7261A-syn; A7270G-syn; A7276C-syn; G7288T-syn; T7295C-syn; C7318T-syn; A7330G-syn; C7342T-syn; G7372A-syn; T7378A-syn; T7379C-syn; A7390C-syn; C7463T-syn; G7466A-syn,C338T-syn; T459C-syn; T530N-syn; A662T-syn; A682G-syn; G701A-syn; G715A-syn; A814T-syn; T817C-syn; A895G-syn; T1042C-syn; T1132C-syn; C1219T-syn; T1375A-syn; A1651G-syn; G1696A-syn; G1714A-syn; A1831G-syn; G1894A-syn; C1918T-syn; T1921C-syn; C2050T-syn; A2051G-syn; C2083T-syn; C2092T-syn; T2122C-syn; T2224C-syn; A2332G-syn; T2521C-syn; G2578T-syn; T2599C-syn; C2656A-syn; T2672C-syn; G2710A-syn; T2884C-syn; C2902T-syn; C2917T-syn; A2969G-syn; T3055C-syn; C3076T-syn; T3481C-syn; C3559T-syn; A3652G-syn; T3724C-syn; T3838C-syn; C3895T-syn; C3970T-syn; C4036T-syn; T4045C-syn; A4183G-syn; G4240A-syn; T4327C-syn; C4369T-syn; C4444T-syn; G4483A-syn; T4516C-syn; C4519A-syn; A4522G-syn; T4525C-syn; A4528G-syn; T4529A-syn; C4530G-syn; C4543T-syn; G4546A-syn; C4570T-syn; C4684T-syn; G4699A-syn; G4798A-syn; C4990T-syn; C5017T-syn; T5149C-syn; T5752C-syn; G5758A-syn; T5767C-syn; A5785G-syn; A5788T-syn; T5791C-syn; T5800G-syn; T5839C-syn; C5842T-syn; T5872C-syn; A5884C-syn; A5887T-syn; A6397C-syn; C6400T-syn; T6403A-syn; A6409G-syn; A6418G-syn; T6442C-syn; G6445A-syn; G6448A-syn; T6451C-syn; C6901T-syn; A6919T-syn; C6922T-syn; A6925T-syn; T6931C-syn; T6934C-syn; C6937T-syn; C6952T-syn; T6953C-syn; T6961C-syn; C6970T-syn; C6971T-syn; C6985T-syn; A7000G-syn; T7003C-syn; G7012A-syn; C7048T-syn; A7117T-syn; C7120T-syn; G7123A-syn; T7129A-syn; C7132A-syn; A7141G-syn; G7153A-syn; G7186A-syn; G7192A-syn; T7198C-syn; C7201A-syn; C7205T-syn; C7207A-syn; A7210T-syn; A7219T-syn; G7231A-syn; G7234A-syn; A7258T-syn; G7261A-syn; A7270G-syn; A7276C-syn; G7288T-syn; T7295C-syn; C7318T-syn; A7330G-syn; C7342T-syn; G7372A-syn; T7378A-syn; T7379C-syn; T7382C-syn; A7390C-syn; C7463N-syn; G7466N-syn,C338T-syn; T459C-syn; T530C-syn; A662T-syn; A682G-syn; G701A-syn; G715A-syn; A814T-syn; T817C-syn; A895G-syn; T1042C-syn; T1132C-syn; C1219T-syn; T1375A-syn; A1651G-syn; G1696A-syn; G1714A-syn; A1831G-syn; G1894A-syn; C1918T-syn; T1921C-syn; C2050T-syn; A2051G-syn; C2083T-syn; C2092T-syn; T2122C-syn; T2224C-syn; A2332G-syn; T2521C-syn; G2578T-syn; T2599C-syn; C2656A-syn; T2672C-syn; G2710A-syn; T2884C-syn; C2902T-syn; C2917T-syn; A2969G-syn; T3055C-syn; C3076T-syn; T3481C-syn; C3559T-syn; A3652G-syn; T3724C-syn; T3838C-syn; C3895T-syn; C3970T-syn; C4036T-syn; T4045C-syn; A4183G-syn; G4240A-syn; T4327C-syn; C4369T-syn; C4444T-syn; G4483A-syn; T4516C-syn; C4519A-syn; A4522G-syn; T4525C-syn; A4528G-syn; T4529A-syn; C4530G-syn; C4543T-syn; G4546A-syn; C4570T-syn; C4684T-syn; G4699A-syn; G4798A-syn; C4990T-syn; C5017T-syn; T5149C-syn; T5752C-syn; G5758A-syn; T5767C-syn; A5785G-syn; A5788T-syn; T5791C-syn; T5800G-syn; T5839C-syn; C5842T-syn; T5872C-syn; A5884C-syn; A5887T-syn; G5902T-syn; C5903T-syn; T5917C-syn; T5923G-syn; A6397C-syn; C6400T-syn; T6403A-syn; A6409G-syn; A6418G-syn; T6442C-syn; G6445A-syn; G6448A-syn; T6451C-syn; C6952T-syn; T6953C-syn; T6961C-syn; C6970T-syn; C6971T-syn; C6985T-syn; A7000G-syn; T7003C-syn; G7012A-syn; C7048T-syn; A7117T-syn; C7120T-syn; G7123A-syn; T7129A-syn; C7132A-syn; A7141G-syn; G7153A-syn; G7186A-syn; G7192A-syn; T7198C-syn; C7201A-syn; C7205T-syn; C7207A-syn; A7210T-syn; A7219T-syn; G7231A-syn; G7234A-syn; A7258T-syn; G7261A-syn; A7270G-syn; A7276C-syn; G7288T-syn; T7295C-syn; C7318T-syn; A7330G-syn; C7342T-syn; G7372A-syn; T7378A-syn; T7379C-syn; T7382C-syn; A7390C-syn; C7463T-syn; G7466A-syn,C338T-syn; T459C-syn; T530C-syn; A662T-syn; A682G-syn; G701A-syn; G715A-syn; A763G-syn; A814T-syn; T817C-syn; G821A-syn; A895G-syn; C1024T-syn; T1042C-syn; A1063G-syn; T1132C-syn; C1219T-syn; T1375A-syn; A1651G-syn; G1696A-syn; G1714A-syn; A1831G-syn; G1894A-syn; C1918T-syn; T1921C-syn; C2050T-syn; A2051G-syn; C2083T-syn; C2092T-syn; T2122C-syn; T2224C-syn; A2332G-syn; T2521C-syn; G2578T-syn; T2599C-syn; C2656A-syn; T2672C-syn; G2710A-syn; T2884C-syn; C2902T-syn; C2917T-syn; A2969G-syn; A3053G-syn; C3076T-syn; T3481C-syn; C3559T-syn; G3580A-syn; A3652G-syn; T3724C-syn; T3838C-syn; C3895T-syn; C3970T-syn; C4036T-syn; T4045C-syn; T4066C-syn; A4183G-syn; G4240A-syn; T4327C-syn; C4369T-syn; C4444T-syn; G4483A-syn; T4516C-syn; C4519A-syn; A4522G-syn; T4525C-syn; A4528G-syn; T4529A-syn; C4530G-syn; C4543T-syn; G4546A-syn; C4570T-syn; C4684T-syn; G4699A-syn; G4798A-syn; C4990T-syn; C5017T-syn; T5149C-syn; T5752C-syn; G5758A-syn; T5767C-syn; A5785G-syn; A5788T-syn; T5791C-syn; T5800G-syn; T5839C-syn; C5842T-syn; T5872C-syn; A5884C-syn; A5887T-syn; G5902T-syn; C5903T-syn; T5917C-syn; T5923G-syn; A6397C-syn; C6400T-syn; T6403A-syn; A6409G-syn; A6418G-syn; T6442C-syn; G6445A-syn; G6448A-syn; T6451C-syn; G6868T-syn; T6883C-syn; T6886C-syn; C6889T-syn; A6892C-syn; A6895G-syn; C6901T-syn; A6919T-syn; C6922T-syn; A6925T-syn; T6931C-syn; T6934C-syn; C6937T-syn; C6952T-syn; T6953C-syn; T6961C-syn; C6970T-syn; C6971T-syn; C6985T-syn; A7000G-syn; T7003C-syn; G7012A-syn; C7048T-syn; A7117T-syn; C7120T-syn; G7123A-syn; T7129A-syn; C7132A-syn; A7141G-syn; G7153A-syn; G7186A-syn; G7192A-syn; T7198C-syn; C7201A-syn; C7205T-syn; C7207A-syn; A7210T-syn; A7219T-syn; G7231A-syn; G7234A-syn; A7258T-syn; G7261A-syn; A7270G-syn; A7276C-syn; G7288T-syn; T7295C-syn; C7318T-syn; A7330G-syn; C7342T-syn; G7372A-syn; T7378A-syn; T7379C-syn; T7382C-syn; A7390C-syn; C7463N-syn; G7466N-syn,C338N-syn; T459C-syn; T530N-syn; C637N-syn; A662T-syn; A682G-syn; G701A-syn; G715A-syn; A763G-syn; A814T-syn; T817C-syn; G821A-syn; A895G-syn; T1042C-syn; T1132C-syn; C1219T-syn; T1375A-syn; A1651G-syn; G1696A-syn; G1714A-syn; A1831G-syn; G1894A-syn; C1918T-syn; T1921C-syn; C2050T-syn; A2051G-syn; C2083T-syn; C2092T-syn; T2122C-syn; T2224C-syn; A2332G-syn; T2521C-syn; G2578T-syn; T2599C-syn; C2656A-syn; T2672C-syn; G2710A-syn; T2884C-syn; C2902T-syn; C2917T-syn; A2969G-syn; T3055C-syn; C3076T-syn; T3481C-syn; A3652G-syn; T3724C-syn; T3838C-syn; C3895T-syn; C3970T-syn; C4036T-syn; T4045C-syn; A4183G-syn; G4240A-syn; T4327C-syn; C4369T-syn; C4444T-syn; G4483A-syn; T4516C-syn; C4519A-syn; A4522G-syn; T4525C-syn; A4528G-syn; T4529A-syn; C4530G-syn; C4543T-syn; G4546A-syn; C4570T-syn; C4684T-syn; G4699A-syn; G4798A-syn; C4990T-syn; C5017T-syn; T5149C-syn; T5752C-syn; G5758A-syn; T5767C-syn; A5785G-syn; A5788T-syn; T5791C-syn; T5800G-syn; T5872C-syn; A5884C-syn; A5887T-syn; G5902T-syn; C5903T-syn; T5917C-syn; A6397C-syn; C6400T-syn; T6403A-syn; A6409G-syn; A6418G-syn; T6442C-syn; G6445A-syn; G6448A-syn; T6451C-syn; G7012A-syn; C7048T-syn; A7117T-syn; C7120T-syn; G7123A-syn; T7129A-syn; C7132A-syn; A7141G-syn; G7153A-syn; G7186A-syn; G7192A-syn; T7198C-syn; C7201A-syn; C7205T-syn; C7207A-syn; A7210T-syn; A7219T-syn; G7231A-syn; G7234A-syn; A7258T-syn; G7261A-syn; A7270G-syn; A7276C-syn; G7288T-syn; T7295C-syn; C7318T-syn; A7330G-syn; C7342T-syn; A7390C-syn; C7463N-syn; G7466N-syn,C338T-syn; T459C-syn; T530C-syn; A662T-syn; A682G-syn; G701A-syn; G715A-syn; A763G-syn; A814T-syn; T817C-syn; G821A-syn; A895G-syn; T1042C-syn; T1132C-syn; C1219T-syn; T1375A-syn; A1651G-syn; G1696A-syn; G1714A-syn; A1831G-syn; G1894A-syn; C1918T-syn; T1921C-syn; C2050T-syn; A2051G-syn; C2083T-syn; C2092T-syn; T2122C-syn; T2224C-syn; A2332G-syn; T2521C-syn; G2578T-syn; T2599C-syn; C2656A-syn; T2672C-syn; G2710A-syn; T2884C-syn; C2902T-syn; C2917T-syn; A2969G-syn; T3055C-syn; C3076T-syn; T3481C-syn; C3559T-syn; A3652G-syn; T3724C-syn; T3838C-syn; C3895T-syn; C3970T-syn; C4036T-syn; T4045C-syn; A4183G-syn; G4240A-syn; T4327C-syn; C4369T-syn; C4444T-syn; G4483A-syn; T4516C-syn; C4519A-syn; A4522G-syn; T4525C-syn; A4528G-syn; T4529A-syn; C4530G-syn; C4543T-syn; G4546A-syn; C4570T-syn; C4684T-syn; G4699A-syn; G4798A-syn; C4990T-syn; C5017T-syn; T5149C-syn; T5752C-syn; G5758A-syn; T5767C-syn; A5785G-syn; A5788T-syn; T5791C-syn; T5800G-syn; T5839C-syn; C5842T-syn; T5872C-syn; A5884C-syn; A5887T-syn; G5902T-syn; C5903T-syn; T5917C-syn; T5923G-syn; A6397C-syn; C6400T-syn; T6403A-syn; A6409G-syn; A6418G-syn; T6442C-syn; G6445A-syn; G6448A-syn; T6451C-syn; G6868T-syn; T6883C-syn; T6886C-syn; C6889T-syn; A6892C-syn; A6895G-syn; C6901T-syn; A6919T-syn; C6922T-syn; A6925T-syn; T6931C-syn; T6934C-syn; C6937T-syn; C6952T-syn; T6953C-syn; T6961C-syn; C6970T-syn; C6971T-syn; C6985T-syn; A7000G-syn; T7003C-syn; G7012A-syn; C7048T-syn; A7117T-syn; C7120T-syn; G7123A-syn; T7129A-syn; C7132A-syn; A7141G-syn; G7153A-syn; G7186A-syn; G7192A-syn; T7198C-syn; C7201A-syn; C7205T-syn; C7207A-syn; A7210T-syn; A7219T-syn; G7231A-syn; G7234A-syn; A7258T-syn; G7261A-syn; A7270G-syn; A7276C-syn; G7288T-syn; T7295C-syn; C7318T-syn; A7330G-syn; C7342T-syn; G7372A-syn; T7378A-syn; T7379C-syn; T7382C-syn; A7390C-syn; C7463T-syn; G7466A-syn,C57T-syn; T63C-syn; C72T-syn; G357A-syn; G365A-syn; A375G-syn; T379C-syn; T394G-syn; T398C-syn; C402T-syn; T405C-syn; G409A-syn; T425C-syn; T434C-syn; A439G-syn; T444C-syn; C447A-syn; T452C-syn; A453G-syn; T459C-syn; A463T-syn; A472G-syn; T530C-syn; C637--syn; G661T-syn; A682G-syn; G715N-syn; T718N-syn; A763N-syn; A782N-syn; A2161C-syn; A3697G-syn; C3700T-syn; T3709C-syn; G3715A-syn; T3724C-syn; A3730C-syn; T4351A-syn; A4354G-syn; T4363A-syn; C4369A-syn; A4393G-syn; T4399C-syn; G4405A-syn; C4408T-syn; A4411G-syn; C4543T-syn; A4564G-syn; C4570G-syn; T4573C-syn; G4579T-syn; A4597G-syn; C4600T-syn; T4603C-syn; A4618C-syn; C4624T-syn; A4645C-syn; A4651G-syn; G4654A-syn; T4660G-syn; C4681A-syn; G4687A-syn; G4693A-syn; T4705C-syn; T4711C-syn; T4726C-syn; A4729G-syn; C4732T-syn; A4735G-syn; C4741T-syn; A4747G-syn; T4750C-syn; T4783C-syn; G4789T-syn; A4801G-syn; T4817C-syn; T4828C-syn; T4831C-syn; C4834T-syn; G4861C-syn; C4873T-syn; G4876A-syn; G4879A-syn; T4882C-syn; T4891C-syn; G4894T-syn; A4906G-syn; A4912T-syn; T4915C-syn; C4918T-syn; G4919A-syn; C4924T-syn; A4927T-syn; C4933G-syn; A4937G-syn; C4954T-syn; A4957G-syn; G4960A-syn; C4961T-syn; C4963G-syn; A4972C-syn; C4990T-syn; A4993G-syn; T5002C-syn; C5017T-syn; A5020G-syn; T5026C-syn; C5044T-syn; G5056A-syn; T5065C-syn; G5077A-syn; C5089T-syn; T5095C-syn; G5114A-syn; A5137C-syn; T5146C-syn; C5152T-syn; A5158G-syn; C5162T-syn; A5164G-syn; G5170A-syn; G5179C-syn; G5866A-syn; T5872A-syn; A5884G-syn; A5887C-syn; G5902T-syn; T5923C-syn; T6388C-syn; A6397C-syn; A6424G-syn; C6433T-syn; T6442C-syn; G6445A-syn; G6448A-syn; T6451C-syn; T6883A-syn; T6886C-syn; C6889T-syn; A6892C-syn; A6895G-syn; C6901T-syn; A6925T-syn; T6961C-syn; C6971T-syn; T7003C-syn; G7012A-syn; G7057A-syn; T7063C-syn; C7105T-syn; A7117T-syn; G7123A-syn; A7171G-syn; T7180C-syn; A7183G-syn; G7186A-syn; T7189C-syn; G7195A-syn; T7198C-syn; C7201A-syn; C7204T-syn; C7207T-syn; A7210T-syn; G7234A-syn; G7261A-syn; C7267T-syn; A7270G-syn; A7276T-syn; G7288T-syn; A7294T-syn; T7295C-syn; C7318T-syn; C7333T-syn; G7339A-syn; T7343C-syn; C7463N-syn; G7466N-syn
nonSyn,T1437A-nonsyn VP2(F141Y); G2557A-nonsyn VP1(M5I); A2558G-nonsyn VP1(M6I); C2583T-nonsyn VP1(T14I); G2659T-nonsyn VP1(K39N); C6411T-nonsyn 3D/polymerase(A122V),T1437A-nonsyn VP2(F141Y); C2583T-nonsyn VP1(T14I); G5902N-nonsyn 3C/Protease(T135X); C5903N-nonsyn 3C/Protease(T136X); T5917N-nonsyn 3C/Protease(F140X); T5923N-nonsyn 3C/Protease(T142X); C6411T-nonsyn 3D/polymerase(A122V); G6868N-nonsyn 3D/polymerase(L274X); T6883N-nonsyn 3D/polymerase(T279X); T6886N-nonsyn 3D/polymerase(Y280X); C6889N-nonsyn 3D/polymerase(C281X); A6892N-nonsyn 3D/polymerase(V282X); A6895N-nonsyn 3D/polymerase(K283X),T1437A-nonsyn VP2(F141Y); C2583T-nonsyn VP1(T14I); C6411T-nonsyn 3D/polymerase(A122V); G6868N-nonsyn 3D/polymerase(L274X); T6883N-nonsyn 3D/polymerase(T279X); T6886N-nonsyn 3D/polymerase(Y280X); C6889N-nonsyn 3D/polymerase(C281X); A6892N-nonsyn 3D/polymerase(V282X); A6895N-nonsyn 3D/polymerase(K283X); C6901N-nonsyn 3D/polymerase(G285X); A6919N-nonsyn 3D/polymerase(S291X); C6922N-nonsyn 3D/polymerase(G292X); A6925N-nonsyn 3D/polymerase(T293X); T6931N-nonsyn 3D/polymerase(I295X); T6934N-nonsyn 3D/polymerase(F296X); C6937N-nonsyn 3D/polymerase(N297X),T1437A-nonsyn VP2(F141Y); G2010A-nonsyn VP3(R61H); C2583T-nonsyn VP1(T14I); A2973G-nonsyn VP1(D144G); T3055C-nonsyn VP1(N171D); C6411T-nonsyn 3D/polymerase(A122V),T1437A-nonsyn VP2(F141Y); C2583T-nonsyn VP1(T14I); C3559N-nonsyn 2A/3B(D38X); T5839N-nonsyn 3C/Protease(V114X); C5842N-nonsyn 3C/Protease(P115X); T5923N-nonsyn 3C/Protease(T142X); C6411T-nonsyn 3D/polymerase(A122V); G6868N-nonsyn 3D/polymerase(L274X); T6883N-nonsyn 3D/polymerase(T279X); T6886N-nonsyn 3D/polymerase(Y280X); C6889N-nonsyn 3D/polymerase(C281X); A6892N-nonsyn 3D/polymerase(V282X); A6895N-nonsyn 3D/polymerase(K283X); C6901N-nonsyn 3D/polymerase(G285X); A6919N-nonsyn 3D/polymerase(S291X); C6922N-nonsyn 3D/polymerase(G292X); A6925N-nonsyn 3D/polymerase(T293X); T6931N-nonsyn 3D/polymerase(I295X); T6934N-nonsyn 3D/polymerase(F296X); C6937N-nonsyn 3D/polymerase(N297X); C6952N-nonsyn 3D/polymerase(N302X); T6953N-nonsyn 3D/polymerase(N303X); T6961N-nonsyn 3D/polymerase(I305X); C6970N-nonsyn 3D/polymerase(L308X); C6971N-nonsyn 3D/polymerase(L309X); A6973N-nonsyn 3D/polymerase(L309X); C6985N-nonsyn 3D/polymerase(Y313X); A7000N-nonsyn 3D/polymerase(L318X); T7003N-nonsyn 3D/polymerase(D319X); G7372N-nonsyn 3D/polymerase(G442X); T7378N-nonsyn 3D/polymerase(A444X); T7379N-nonsyn 3D/polymerase(A445X); T7382N-nonsyn 3D/polymerase(L446X),T1437A-nonsyn VP2(F141Y); C2583T-nonsyn VP1(T14I); A2587T-nonsyn VP1(K15N); C6411T-nonsyn 3D/polymerase(A122V),A814N-nonsyn VP4(G2X); T817N-nonsyn VP4(A3X); G821N-nonsyn VP4(Q5X); G832N-nonsyn VP4(Q8X); A895N-nonsyn VP4(T29X); C1024N-nonsyn VP2(N3X); T1042N-nonsyn VP2(Y9X); A1063N-nonsyn VP2(L16X); T1132N-nonsyn VP2(P39X); C1219N-nonsyn VP2(T68X); T1375N-nonsyn VP2(G120X); T1437N-nonsyn VP2(F141X); A1651N-nonsyn VP2(V212X); G1696N-nonsyn VP2(G227X); G1714N-nonsyn VP2(L233X); A1831N-nonsyn VP3(G1X); A1834N-nonsyn VP3(L2X); G1894N-nonsyn VP3(P22X); C1918N-nonsyn VP3(V30X); T1921N-nonsyn VP3(T31X); G2010N-nonsyn VP3(R61X); C2050N-nonsyn VP3(D74X); A2051N-nonsyn VP3(D75X); C2083N-nonsyn VP3(L85X); C2092N-nonsyn VP3(S88X); T2122N-nonsyn VP3(T98X); T2224N-nonsyn VP3(V132X); A2332N-nonsyn VP3(V168X); C2368N-nonsyn VP3(I180X); T2521N-nonsyn VP3(I231X); G2557N-nonsyn VP1(M5X); A2558N-nonsyn VP1(M6X); G2578N-nonsyn VP1(G12X); C2583N-nonsyn VP1(T14X); A2587N-nonsyn VP1(K15X); T2599N-nonsyn VP1(V19X); C2656N-nonsyn VP1(S38X); G2659N-nonsyn VP1(K39X); T2672N-nonsyn VP1(A44X); T2705N-nonsyn VP1(P55X); G2710N-nonsyn VP1(V56X); C2722N-nonsyn VP1(T60X); A2749N-nonsyn VP1(R69X); G2771N-nonsyn VP1(T77X); T2884N-nonsyn VP1(D114X); C2902N-nonsyn VP1(R120X); C2917N-nonsyn VP1(F125X); G2953N-nonsyn VP1(V137X); A2969N-nonsyn VP1(Y143X); A2973N-nonsyn VP1(D144X); A3053N-nonsyn VP1(W171X); T3055N-nonsyn VP1(N171X); C3076N-nonsyn VP1(S178X); G3298N-nonsyn VP1(R252X); T3481N-nonsyn 2A/3B(A12X); C3559N-nonsyn 2A/3B(D38X); G3580N-nonsyn 2A/3B(R45X); C3601N-nonsyn 2A/3B(I52X); A3652N-nonsyn 2A/3B(K69X); T3653N-nonsyn 2A/3B(K70X); A3706C-nonsyn 2A/3B(E87D); T3838N-nonsyn 2A/3B(V131X); G3889N-nonsyn 2A/3B(E148X); C3895N-nonsyn 2B//5B(G1X); C3970N-nonsyn 2B//5B(S26X); C3994N-nonsyn 2B//5B(S34X); C4036N-nonsyn 2B//5B(I48X); T4045N-nonsyn 2B//5B(L51X); T4066N-nonsyn 2B//5B(Y58X); C4157N-nonsyn 2B//5B(I89X); A4183N-nonsyn 2B//5B(Q97X); G4240N-nonsyn 2C/X(E19X); T4327N-nonsyn 2C/X(T48X); C4444N-nonsyn 2C/X(S87X); C4469N-nonsyn 2C/X(A96X); G4483N-nonsyn 2C/X(R100X); T4516N-nonsyn 2C/X(Y111X); C4519N-nonsyn 2C/X(V112X); A4522N-nonsyn 2C/X(Q113X); T4525N-nonsyn 2C/X(F114X); A4528N-nonsyn 2C/X(K115X); T4529N-nonsyn 2C/X(K116X); C4530N-nonsyn 2C/X(S116X); T5116C-nonsyn 2C/X(V311I); T5752N-nonsyn 3C/Protease(D85X); G5758N-nonsyn 3C/Protease(R87X); T5767N-nonsyn 3C/Protease(I90X); A5785N-nonsyn 3C/Protease(E96X); A5788N-nonsyn 3C/Protease(T97X); T5791N-nonsyn 3C/Protease(N98X); T5800N-nonsyn 3C/Protease(V101X); T5839N-nonsyn 3C/Protease(V114X); C5842N-nonsyn 3C/Protease(P115X); C5857N-nonsyn 3C/Protease(T120X); C7131T-nonsyn 3D/polymerase(T362I); C7132A-nonsyn 3D/polymerase(T362I); G7372N-nonsyn 3D/polymerase(G442X)
